{"name":"XBRiyaz","type":"TTF","desc":{"CapHeight":717,"XHeight":522,"FontBBox":"[-308 -854 1513 1278]","Flags":4,"Ascent":1123,"Descent":-391,"Leading":0,"ItalicAngle":0,"StemV":87,"MissingWidth":605},"unitsPerEm":2048,"up":-278,"ut":29,"strp":250,"strs":50,"ttffile":"\/home\/u373816316\/domains\/erp4anyone.com\/public_html\/vendor\/mpdf\/mpdf\/src\/Config\/..\/..\/ttfonts\/XB Riyaz.ttf","TTCfontID":0,"originalsize":1144764,"sip":false,"smp":false,"BMPselected":false,"fontkey":"xbriyaz","panose":" 0 0 2 0 5 3 8 0 0 2 0 4","haskerninfo":true,"haskernGPOS":true,"hassmallcapsGSUB":false,"fontmetrics":"win","useOTL":255,"rtlPUAstr":"\\x{0E7E0}-\\x{0E7FC}\\x{0E7FE}\\x{0E800}-\\x{0E81C}\\x{0E81F}\\x{0E820}\\x{0E823}-\\x{0E842}\\x{0E845}-\\x{0E866}\\x{0E869}-\\x{0E88A}\\x{0E88D}-\\x{0E8C7}\\x{0E8CA}-\\x{0E8CD}\\x{0E8D4}-\\x{0E8E1}\\x{0E8E4}-\\x{0E902}\\x{0E905}\\x{0E906}\\x{0E908}\\x{0E912}-\\x{0E91C}\\x{0E921}\\x{0E925}\\x{0E927}-\\x{0E92E}\\x{0E930}-\\x{0E932}\\x{0E934}-\\x{0E936}\\x{0E939}-\\x{0E943}","GSUBScriptLang":{"arab":"DFLT ARA  DRI  FAR  KUR  PAS  TRK  URD  UYG  UZB  ","latn":"DFLT ARA  DRI  FAR  KUR  PAS  TRK  URD  UYG  UZB  "},"GSUBFeatures":{"arab":{"DFLT":{"ccmp":[0,1,2],"init":[8],"medi":[9],"fina":[10],"isol":[11],"rlig":[18,19,20,21,22,23,24,25,26,27,28,29,30,31,32,33],"swsh":[44,45,46,47,48]},"ARA ":{"ccmp":[0,1,2,7],"init":[8],"medi":[9],"fina":[10],"isol":[11],"liga":[17],"rlig":[18,19,20,21,22,23,24,25,26,27,28,29,30,31,32,33],"salt":[36],"swsh":[44,45,46,47,48]},"DRI ":{"ccmp":[0,1,2],"init":[8],"medi":[9],"fina":[10],"isol":[11],"rlig":[18,19,20,21,22,23,24,25,26,27,28,29,30,31,32,33],"salt":[37],"swsh":[44,45,46,47,48]},"FAR ":{"ccmp":[0,1,2],"init":[8],"medi":[9],"fina":[10],"isol":[11],"rlig":[18,19,20,21,22,23,24,25,26,27,28,29,30,31,32,33],"salt":[38],"swsh":[44,45,46,47,48]},"KUR ":{"ccmp":[0,1,2,5],"init":[8],"medi":[9],"fina":[10],"isol":[11],"liga":[13],"rlig":[18,19,20,21,22,23,24,25,26,27,28,29,30,31,32,33],"salt":[39],"swsh":[44,45,46,47,48]},"PAS ":{"ccmp":[0,1,2],"init":[8],"medi":[9],"fina":[10],"isol":[11],"rlig":[18,19,20,21,22,23,24,25,26,27,28,29,30,31,32,33],"salt":[40],"swsh":[44,45,46,47,48]},"TRK ":{"ccmp":[0,1,2],"init":[8],"medi":[9],"fina":[10],"isol":[11],"rlig":[18,19,20,21,22,23,24,25,26,27,28,29,30,31,32,33],"salt":[34,35],"swsh":[44,45,46,47,48]},"URD ":{"ccmp":[0,1,2,6],"init":[8],"medi":[9],"fina":[10],"isol":[11],"liga":[16],"rlig":[18,19,20,21,22,23,24,25,26,27,28,29,30,31,32,33],"salt":[41],"swsh":[44,45,46,47,48]},"UYG ":{"ccmp":[0,1,2,3],"init":[8],"medi":[9],"fina":[10],"isol":[11],"liga":[14],"rlig":[18,19,20,21,22,23,24,25,26,27,28,29,30,31,32,33],"salt":[42],"swsh":[44,45,46,47,48]},"UZB ":{"ccmp":[0,1,2,4],"init":[8],"medi":[9],"fina":[10],"isol":[11],"liga":[15],"rlig":[18,19,20,21,22,23,24,25,26,27,28,29,30,31,32,33],"salt":[43],"swsh":[44,45,46,47,48]}},"latn":{"DFLT":{"liga":[12],"frac":[34]},"ARA ":{"frac":[34]},"DRI ":{"frac":[34]},"FAR ":{"frac":[34]},"KUR ":{"frac":[34]},"PAS ":{"frac":[34]},"TRK ":{"frac":[34]},"URD ":{"frac":[34]},"UYG ":{"frac":[34]},"UZB ":{"frac":[34]}}},"GSUBLookups":[{"Type":6,"Flag":1,"SubtableCount":6,"Subtables":[255646,255664,255682,255700,255718,255736],"MarkFilteringSet":""},{"Type":4,"Flag":1,"SubtableCount":1,"Subtables":[255754],"MarkFilteringSet":""},{"Type":6,"Flag":1,"SubtableCount":3,"Subtables":[256096,256114,256132],"MarkFilteringSet":""},{"Type":6,"Flag":1,"SubtableCount":2,"Subtables":[256150,256164],"MarkFilteringSet":""},{"Type":6,"Flag":1,"SubtableCount":2,"Subtables":[256180,256194],"MarkFilteringSet":""},{"Type":6,"Flag":1,"SubtableCount":2,"Subtables":[256210,256224],"MarkFilteringSet":""},{"Type":1,"Flag":1,"SubtableCount":1,"Subtables":[256240],"MarkFilteringSet":""},{"Type":4,"Flag":1,"SubtableCount":1,"Subtables":[256252],"MarkFilteringSet":""},{"Type":1,"Flag":9,"SubtableCount":1,"Subtables":[256302],"MarkFilteringSet":""},{"Type":1,"Flag":9,"SubtableCount":1,"Subtables":[256308],"MarkFilteringSet":""},{"Type":1,"Flag":9,"SubtableCount":1,"Subtables":[256314],"MarkFilteringSet":""},{"Type":1,"Flag":9,"SubtableCount":1,"Subtables":[256482],"MarkFilteringSet":""},{"Type":4,"Flag":0,"SubtableCount":1,"Subtables":[256488],"MarkFilteringSet":""},{"Type":6,"Flag":9,"SubtableCount":6,"Subtables":[256514,256528,256542,256556,256572,256588],"MarkFilteringSet":""},{"Type":6,"Flag":9,"SubtableCount":2,"Subtables":[256606,256620],"MarkFilteringSet":""},{"Type":6,"Flag":9,"SubtableCount":2,"Subtables":[256636,256650],"MarkFilteringSet":""},{"Type":1,"Flag":1,"SubtableCount":1,"Subtables":[256666],"MarkFilteringSet":""},{"Type":4,"Flag":1,"SubtableCount":1,"Subtables":[256672],"MarkFilteringSet":""},{"Type":4,"Flag":1,"SubtableCount":1,"Subtables":[256692],"MarkFilteringSet":""},{"Type":6,"Flag":9,"SubtableCount":1,"Subtables":[256922],"MarkFilteringSet":""},{"Type":6,"Flag":9,"SubtableCount":2,"Subtables":[256942,256960],"MarkFilteringSet":""},{"Type":6,"Flag":9,"SubtableCount":2,"Subtables":[256978,256996],"MarkFilteringSet":""},{"Type":4,"Flag":1,"SubtableCount":1,"Subtables":[257014],"MarkFilteringSet":""},{"Type":6,"Flag":9,"SubtableCount":3,"Subtables":[257092,257106,257122],"MarkFilteringSet":""},{"Type":6,"Flag":8,"SubtableCount":2,"Subtables":[257138,257156],"MarkFilteringSet":""},{"Type":6,"Flag":9,"SubtableCount":2,"Subtables":[257176,257194],"MarkFilteringSet":""},{"Type":6,"Flag":1,"SubtableCount":8,"Subtables":[257214,257232,257252,257270,257290,257308,257328,257346],"MarkFilteringSet":""},{"Type":6,"Flag":9,"SubtableCount":2,"Subtables":[257366,257384],"MarkFilteringSet":""},{"Type":6,"Flag":9,"SubtableCount":1,"Subtables":[257404],"MarkFilteringSet":""},{"Type":4,"Flag":1,"SubtableCount":1,"Subtables":[257424],"MarkFilteringSet":""},{"Type":6,"Flag":1,"SubtableCount":10,"Subtables":[257662,257680,257700,257718,257738,257756,257776,257794,257814,257832],"MarkFilteringSet":""},{"Type":6,"Flag":9,"SubtableCount":2,"Subtables":[257852,257866],"MarkFilteringSet":""},{"Type":6,"Flag":9,"SubtableCount":2,"Subtables":[257882,257896],"MarkFilteringSet":""},{"Type":6,"Flag":9,"SubtableCount":2,"Subtables":[257912,257932],"MarkFilteringSet":""},{"Type":6,"Flag":0,"SubtableCount":7,"Subtables":[257952,257974,257994,258014,258034,258054,258074],"MarkFilteringSet":""},{"Type":1,"Flag":0,"SubtableCount":1,"Subtables":[258094],"MarkFilteringSet":""},{"Type":1,"Flag":0,"SubtableCount":1,"Subtables":[258106],"MarkFilteringSet":""},{"Type":1,"Flag":0,"SubtableCount":1,"Subtables":[258134],"MarkFilteringSet":""},{"Type":1,"Flag":0,"SubtableCount":1,"Subtables":[258162],"MarkFilteringSet":""},{"Type":1,"Flag":0,"SubtableCount":1,"Subtables":[258190],"MarkFilteringSet":""},{"Type":1,"Flag":0,"SubtableCount":1,"Subtables":[258218],"MarkFilteringSet":""},{"Type":1,"Flag":0,"SubtableCount":1,"Subtables":[258246],"MarkFilteringSet":""},{"Type":1,"Flag":0,"SubtableCount":1,"Subtables":[258274],"MarkFilteringSet":""},{"Type":1,"Flag":0,"SubtableCount":1,"Subtables":[258302],"MarkFilteringSet":""},{"Type":4,"Flag":1,"SubtableCount":1,"Subtables":[258330],"MarkFilteringSet":""},{"Type":6,"Flag":1,"SubtableCount":1,"Subtables":[258350],"MarkFilteringSet":""},{"Type":6,"Flag":1,"SubtableCount":1,"Subtables":[258370],"MarkFilteringSet":""},{"Type":6,"Flag":1,"SubtableCount":1,"Subtables":[258390],"MarkFilteringSet":""},{"Type":6,"Flag":1,"SubtableCount":10,"Subtables":[258410,258430,258450,258470,258490,258510,258530,258550,258570,258590],"MarkFilteringSet":""},{"Type":1,"Flag":1,"SubtableCount":1,"Subtables":[258610],"MarkFilteringSet":""},{"Type":1,"Flag":1,"SubtableCount":1,"Subtables":[258752],"MarkFilteringSet":""},{"Type":1,"Flag":1,"SubtableCount":1,"Subtables":[258840],"MarkFilteringSet":""},{"Type":1,"Flag":1,"SubtableCount":1,"Subtables":[258916],"MarkFilteringSet":""},{"Type":1,"Flag":1,"SubtableCount":1,"Subtables":[258992],"MarkFilteringSet":""},{"Type":1,"Flag":1,"SubtableCount":1,"Subtables":[259068],"MarkFilteringSet":""},{"Type":1,"Flag":1,"SubtableCount":1,"Subtables":[259132],"MarkFilteringSet":""},{"Type":4,"Flag":0,"SubtableCount":1,"Subtables":[259196],"MarkFilteringSet":""},{"Type":4,"Flag":0,"SubtableCount":1,"Subtables":[259558],"MarkFilteringSet":""}],"GPOSScriptLang":{"arab":"DFLT ARA  DRI  FAR  KUR  PAS  TRK  URD  UYG  UZB  "},"GPOSFeatures":{"arab":{"DFLT":{"kern":[0]},"ARA ":{"kern":[0]},"DRI ":{"kern":[0]},"FAR ":{"kern":[0]},"KUR ":{"kern":[0]},"PAS ":{"kern":[0]},"TRK ":{"kern":[0]},"URD ":{"kern":[0]},"UYG ":{"kern":[0]},"UZB ":{"kern":[0]}}},"GPOSLookups":[{"Type":2,"Flag":1,"SubtableCount":1,"Subtables":[251326],"MarkFilteringSet":""}],"kerninfo":{"65169":{"65158":73,"65198":97,"65200":97,"65262":73,"64397":97,"1682":73,"59535":97,"1683":73,"59538":97,"1684":73,"59536":97,"1685":73,"59537":97,"1686":73,"59539":97,"64395":97,"1734":73,"59541":73,"64472":73,"64476":73,"64483":73,"1738":73,"59542":73,"64479":73,"59612":73,"59613":73,"59687":73,"59688":73,"59689":73,"59690":73,"59691":73,"59692":73,"59693":73,"59694":73,"59695":73},"65183":{"65198":-48,"65200":-48,"64397":-48,"1682":-48,"59535":-48,"1683":-48,"59538":-48,"1684":-48,"59536":-48,"1685":-48,"59537":-48,"1686":-48,"59539":-48,"64395":-48},"65187":{"65198":-48,"65200":-48,"64397":-48,"1682":-48,"59535":-48,"1683":-48,"59538":-48,"1684":-48,"59536":-48,"1685":-48,"59537":-48,"1686":-48,"59539":-48,"64395":-48},"65191":{"65198":-48,"65200":-48,"64397":-48,"1682":-48,"59535":-48,"1683":-48,"59538":-48,"1684":-48,"59536":-48,"1685":-48,"59537":-48,"1686":-48,"59539":-48,"64395":-48},"65203":{"65198":-48,"1683":-48,"59538":-48,"1684":-48,"59536":-48,"1685":-48,"59537":-48,"1686":-48,"59539":-48},"65207":{"65198":-48,"1683":-48,"59538":-48,"1684":-48,"59536":-48,"1685":-48,"59537":-48,"1686":-48,"59539":-48},"65211":{"65198":-48,"1683":-48,"59538":-48,"1684":-48,"59536":-48,"1685":-48,"59537":-48,"1686":-48,"59539":-48},"65215":{"65198":-48,"1683":-48,"59538":-48,"1684":-48,"59536":-48,"1685":-48,"59537":-48,"1686":-48,"59539":-48},"65219":{"65198":-48,"1683":-48,"59538":-48,"1684":-48,"59536":-48,"1685":-48,"59537":-48,"1686":-48,"59539":-48},"65223":{"65198":-48,"1683":-48,"59538":-48,"1684":-48,"59536":-48,"1685":-48,"59537":-48,"1686":-48,"59539":-48},"65267":{"65158":73,"65198":97,"65200":97,"65262":73,"64397":97,"1682":73,"59535":97,"1683":73,"59538":97,"1684":73,"59536":97,"1685":73,"59537":97,"1686":73,"59539":97,"64395":97,"1734":73,"59541":73,"64472":73,"64476":73,"64483":73,"1738":73,"59542":73,"64479":73,"59612":73,"59613":73,"59687":73,"59688":73,"59689":73,"59690":73,"59691":73,"59692":73,"59693":73,"59694":73,"59695":73},"64360":{"65198":-48,"1683":-48,"59538":-48,"1684":-48,"59536":-48,"1685":-48,"59537":-48,"1686":-48,"59539":-48},"59553":{"65158":73,"65198":97,"65200":97,"65262":73,"64397":97,"1682":73,"59535":97,"1683":73,"59538":97,"1684":73,"59536":97,"1685":73,"59537":97,"1686":73,"59539":97,"64395":97,"1734":73,"59541":73,"64472":73,"64476":73,"64483":73,"1738":73,"59542":73,"64479":73,"59612":73,"59613":73,"59687":73,"59688":73,"59689":73,"59690":73,"59691":73,"59692":73,"59693":73,"59694":73,"59695":73},"64344":{"65158":73,"65198":97,"65200":97,"65262":73,"64397":97,"1682":73,"59535":97,"1683":73,"59538":97,"1684":73,"59536":97,"1685":73,"59537":97,"1686":73,"59539":97,"64395":97,"1734":73,"59541":73,"64472":73,"64476":73,"64483":73,"1738":73,"59542":73,"64479":73,"59612":73,"59613":73,"59687":73,"59688":73,"59689":73,"59690":73,"59691":73,"59692":73,"59693":73,"59694":73,"59695":73},"59556":{"65198":-48,"65200":-48,"64397":-48,"1682":-48,"59535":-48,"1683":-48,"59538":-48,"1684":-48,"59536":-48,"1685":-48,"59537":-48,"1686":-48,"59539":-48,"64395":-48},"59559":{"65198":-48,"65200":-48,"64397":-48,"1682":-48,"59535":-48,"1683":-48,"59538":-48,"1684":-48,"59536":-48,"1685":-48,"59537":-48,"1686":-48,"59539":-48,"64395":-48},"64380":{"65198":-48,"65200":-48,"64397":-48,"1682":-48,"59535":-48,"1683":-48,"59538":-48,"1684":-48,"59536":-48,"1685":-48,"59537":-48,"1686":-48,"59539":-48,"64395":-48},"1690":{"65198":-48,"1683":-48,"59538":-48,"1684":-48,"59536":-48,"1685":-48,"59537":-48,"1686":-48,"59539":-48},"59550":{"65198":-48,"1683":-48,"59538":-48,"1684":-48,"59536":-48,"1685":-48,"59537":-48,"1686":-48,"59539":-48},"1707":{"32":-73,"160":-97,"8203":-97,"8204":-97,"8205":-97,"8239":-97,"59390":-97,"65154":48,"65158":-73,"65194":-73,"65196":-73,"65198":-73,"65200":-73,"65262":-73,"64337":48,"1673":-73,"59540":-73,"64397":-73,"1682":-73,"59535":-73,"1683":-73,"59538":-73,"1684":-73,"59536":-73,"1685":-73,"59537":-73,"1686":-73,"59539":-73,"64395":-73,"1734":-73,"59541":-73,"64472":-73,"64476":-73,"64483":-73,"1738":-73,"59542":-73,"64479":-73,"59612":-73,"59613":-73,"59393":73,"59395":73,"59401":73,"65270":73,"65272":73,"59463":73,"59464":73,"59465":73,"59466":73,"59467":73,"59468":73,"59469":73,"59470":73,"59471":73,"59472":73,"59473":73,"59474":73,"59475":73,"59476":73,"59477":73,"59478":73,"59479":73,"59480":73,"59481":73,"59482":73,"59483":73,"59484":73,"59485":73,"59486":73,"59487":73,"59488":73,"59489":73,"59490":73,"59499":73,"59500":73,"59501":73,"59502":73,"59503":73,"59504":73,"59505":73,"59506":73,"59507":73,"59508":73,"59509":73,"59510":73,"59511":73,"59512":73,"59513":73,"59514":73,"59515":73,"59516":73,"59517":73,"59518":73,"59519":73,"59520":73,"59521":73,"59522":73,"59523":73,"59524":73,"59525":73,"59526":73,"59610":73,"59611":73,"59682":48,"59686":48,"59687":-73,"59688":-73,"59689":-73,"59690":-73,"59691":-73,"59692":-73,"59693":-73,"59694":-73,"59695":-73},"59574":{"65158":73,"65198":97,"65200":97,"65262":73,"64397":97,"1682":73,"59535":97,"1683":73,"59538":97,"1684":73,"59536":97,"1685":73,"59537":97,"1686":73,"59539":97,"64395":97,"1734":73,"59541":73,"64472":73,"64476":73,"64483":73,"1738":73,"59542":73,"64479":73,"59612":73,"59613":73,"59687":73,"59688":73,"59689":73,"59690":73,"59691":73,"59692":73,"59693":73,"59694":73,"59695":73},"64424":{"65158":73,"65198":97,"65200":97,"65262":73,"64397":97,"1682":73,"59535":97,"1683":73,"59538":97,"1684":73,"59536":97,"1685":73,"59537":97,"1686":73,"59539":97,"64395":97,"1734":73,"59541":73,"64472":73,"64476":73,"64483":73,"1738":73,"59542":73,"64479":73,"59612":73,"59613":73,"59687":73,"59688":73,"59689":73,"59690":73,"59691":73,"59692":73,"59693":73,"59694":73,"59695":73},"64510":{"65158":73,"65198":97,"65200":97,"65262":73,"64397":97,"1682":73,"59535":97,"1683":73,"59538":97,"1684":73,"59536":97,"1685":73,"59537":97,"1686":73,"59539":97,"64395":97,"1734":73,"59541":73,"64472":73,"64476":73,"64483":73,"1738":73,"59542":73,"64479":73,"59612":73,"59613":73,"59687":73,"59688":73,"59689":73,"59690":73,"59691":73,"59692":73,"59693":73,"59694":73,"59695":73},"59577":{"65158":73,"65198":97,"65200":97,"65262":73,"64397":97,"1682":73,"59535":97,"1683":73,"59538":97,"1684":73,"59536":97,"1685":73,"59537":97,"1686":73,"59539":97,"64395":97,"1734":73,"59541":73,"64472":73,"64476":73,"64483":73,"1738":73,"59542":73,"64479":73,"59612":73,"59613":73,"59687":73,"59688":73,"59689":73,"59690":73,"59691":73,"59692":73,"59693":73,"59694":73,"59695":73},"64486":{"65158":73,"65198":97,"65200":97,"65262":73,"64397":97,"1682":73,"59535":97,"1683":73,"59538":97,"1684":73,"59536":97,"1685":73,"59537":97,"1686":73,"59539":97,"64395":97,"1734":73,"59541":73,"64472":73,"64476":73,"64483":73,"1738":73,"59542":73,"64479":73,"59612":73,"59613":73,"59687":73,"59688":73,"59689":73,"59690":73,"59691":73,"59692":73,"59693":73,"59694":73,"59695":73},"59580":{"65158":73,"65198":97,"65200":97,"65262":73,"64397":97,"1682":73,"59535":97,"1683":73,"59538":97,"1684":73,"59536":97,"1685":73,"59537":97,"1686":73,"59539":97,"64395":97,"1734":73,"59541":73,"64472":73,"64476":73,"64483":73,"1738":73,"59542":73,"64479":73,"59612":73,"59613":73,"59687":73,"59688":73,"59689":73,"59690":73,"59691":73,"59692":73,"59693":73,"59694":73,"59695":73},"59607":{"65158":73,"65198":97,"65200":97,"65262":73,"64397":97,"1682":73,"59535":97,"1683":73,"59538":97,"1684":73,"59536":97,"1685":73,"59537":97,"1686":73,"59539":97,"64395":97,"1734":73,"59541":73,"64472":73,"64476":73,"64483":73,"1738":73,"59542":73,"64479":73,"59612":73,"59613":73,"59687":73,"59688":73,"59689":73,"59690":73,"59691":73,"59692":73,"59693":73,"59694":73,"59695":73},"59402":{"59463":48,"59464":48,"59465":48,"59466":48,"59467":48,"59468":48,"59469":48,"59470":48,"59471":48,"59472":48,"59473":48,"59474":48,"59475":48,"59476":48,"59477":48,"59478":48,"59479":48,"59480":48,"59481":48,"59482":48,"59483":48,"59484":48,"59485":48,"59486":48,"59487":48,"59488":48,"59489":48,"59490":48,"59610":48},"59403":{"59463":48,"59464":48,"59465":48,"59466":48,"59467":48,"59468":48,"59469":48,"59470":48,"59471":48,"59472":48,"59473":48,"59474":48,"59475":48,"59476":48,"59477":48,"59478":48,"59479":48,"59480":48,"59481":48,"59482":48,"59483":48,"59484":48,"59485":48,"59486":48,"59487":48,"59488":48,"59489":48,"59490":48,"59610":48},"59404":{"59463":48,"59464":48,"59465":48,"59466":48,"59467":48,"59468":48,"59469":48,"59470":48,"59471":48,"59472":48,"59473":48,"59474":48,"59475":48,"59476":48,"59477":48,"59478":48,"59479":48,"59480":48,"59481":48,"59482":48,"59483":48,"59484":48,"59485":48,"59486":48,"59487":48,"59488":48,"59489":48,"59490":48,"59610":48},"59405":{"59463":48,"59464":48,"59465":48,"59466":48,"59467":48,"59468":48,"59469":48,"59470":48,"59471":48,"59472":48,"59473":48,"59474":48,"59475":48,"59476":48,"59477":48,"59478":48,"59479":48,"59480":48,"59481":48,"59482":48,"59483":48,"59484":48,"59485":48,"59486":48,"59487":48,"59488":48,"59489":48,"59490":48,"59610":48},"65269":{"59463":48,"59464":48,"59465":48,"59466":48,"59467":48,"59468":48,"59469":48,"59470":48,"59471":48,"59472":48,"59473":48,"59474":48,"59475":48,"59476":48,"59477":48,"59478":48,"59479":48,"59480":48,"59481":48,"59482":48,"59483":48,"59484":48,"59485":48,"59486":48,"59487":48,"59488":48,"59489":48,"59490":48,"59610":48},"65271":{"59463":48,"59464":48,"59465":48,"59466":48,"59467":48,"59468":48,"59469":48,"59470":48,"59471":48,"59472":48,"59473":48,"59474":48,"59475":48,"59476":48,"59477":48,"59478":48,"59479":48,"59480":48,"59481":48,"59482":48,"59483":48,"59484":48,"59485":48,"59486":48,"59487":48,"59488":48,"59489":48,"59490":48,"59610":48},"65273":{"59463":48,"59464":48,"59465":48,"59466":48,"59467":48,"59468":48,"59469":48,"59470":48,"59471":48,"59472":48,"59473":48,"59474":48,"59475":48,"59476":48,"59477":48,"59478":48,"59479":48,"59480":48,"59481":48,"59482":48,"59483":48,"59484":48,"59485":48,"59486":48,"59487":48,"59488":48,"59489":48,"59490":48,"59610":48},"65275":{"59463":48,"59464":48,"59465":48,"59466":48,"59467":48,"59468":48,"59469":48,"59470":48,"59471":48,"59472":48,"59473":48,"59474":48,"59475":48,"59476":48,"59477":48,"59478":48,"59479":48,"59480":48,"59481":48,"59482":48,"59483":48,"59484":48,"59485":48,"59486":48,"59487":48,"59488":48,"59489":48,"59490":48,"59610":48}}}